Product,GWInstek,GDM9061,GEW921489,1.12,1.14
FileName,DMM DataLog-DMM DataLog-PIN2.csv_0.csv
Function(1ST),DC Voltage,100/s
Function(2ND),OFF,NONE
LogUnit,Auto
MathFunction,Off
Interval,00:00:00.032
Software,V1.06,20200921,Win 10 64bit 
==========
Index,Time,1ST Value,Unit1,2ND Value,Unit2
1,2023/05/04 00:35:38.5,+02.48198,VDC,--------,---
2,2023/05/04 00:35:38.5,+02.48200,VDC,--------,---
3,2023/05/04 00:35:38.5,+02.48202,VDC,--------,---
4,2023/05/04 00:35:38.5,+02.48204,VDC,--------,---
5,2023/05/04 00:35:38.6,+02.48207,VDC,--------,---
6,2023/05/04 00:35:38.6,+02.48208,VDC,--------,---
7,2023/05/04 00:35:38.6,+02.48209,VDC,--------,---
8,2023/05/04 00:35:38.7,+02.48212,VDC,--------,---
9,2023/05/04 00:35:38.7,+02.48215,VDC,--------,---
10,2023/05/04 00:35:38.7,+02.48220,VDC,--------,---
11,2023/05/04 00:35:38.8,+02.48222,VDC,--------,---
12,2023/05/04 00:35:38.8,+02.48222,VDC,--------,---
13,2023/05/04 00:35:38.8,+02.48222,VDC,--------,---
14,2023/05/04 00:35:38.9,+02.48222,VDC,--------,---
15,2023/05/04 00:35:38.9,+02.48222,VDC,--------,---
16,2023/05/04 00:35:38.9,+02.48222,VDC,--------,---
17,2023/05/04 00:35:39.0,+02.48223,VDC,--------,---
18,2023/05/04 00:35:39.0,+02.48222,VDC,--------,---
19,2023/05/04 00:35:39.0,+02.48223,VDC,--------,---
20,2023/05/04 00:35:39.1,+02.48222,VDC,--------,---
21,2023/05/04 00:35:39.1,+02.48222,VDC,--------,---
22,2023/05/04 00:35:39.1,+02.48222,VDC,--------,---
23,2023/05/04 00:35:39.2,+02.48221,VDC,--------,---
24,2023/05/04 00:35:39.2,+02.48222,VDC,--------,---
25,2023/05/04 00:35:39.2,+02.48223,VDC,--------,---
26,2023/05/04 00:35:39.3,+02.48224,VDC,--------,---
27,2023/05/04 00:35:39.3,+02.48222,VDC,--------,---
28,2023/05/04 00:35:39.3,+02.48222,VDC,--------,---
29,2023/05/04 00:35:39.3,+02.48220,VDC,--------,---
30,2023/05/04 00:35:39.4,+02.48221,VDC,--------,---
31,2023/05/04 00:35:39.4,+02.48221,VDC,--------,---
32,2023/05/04 00:35:39.4,+02.48221,VDC,--------,---
33,2023/05/04 00:35:39.5,+02.48222,VDC,--------,---
34,2023/05/04 00:35:39.5,+02.48220,VDC,--------,---
35,2023/05/04 00:35:39.5,+02.48219,VDC,--------,---
36,2023/05/04 00:35:39.6,+02.48218,VDC,--------,---
37,2023/05/04 00:35:39.6,+02.48218,VDC,--------,---
38,2023/05/04 00:35:39.6,+02.48218,VDC,--------,---
39,2023/05/04 00:35:39.7,+02.48217,VDC,--------,---
40,2023/05/04 00:35:39.7,+02.48217,VDC,--------,---
41,2023/05/04 00:35:39.7,+02.48217,VDC,--------,---
42,2023/05/04 00:35:39.8,+02.48217,VDC,--------,---
43,2023/05/04 00:35:39.8,+02.48217,VDC,--------,---
44,2023/05/04 00:35:39.8,+02.48217,VDC,--------,---
45,2023/05/04 00:35:39.9,+02.48216,VDC,--------,---
46,2023/05/04 00:35:39.9,+02.48218,VDC,--------,---
47,2023/05/04 00:35:39.9,+02.48218,VDC,--------,---
48,2023/05/04 00:35:40.0,+02.48219,VDC,--------,---
49,2023/05/04 00:35:40.0,+02.48217,VDC,--------,---
50,2023/05/04 00:35:40.0,+02.48217,VDC,--------,---
51,2023/05/04 00:35:40.1,+02.48217,VDC,--------,---
52,2023/05/04 00:35:40.1,+02.48217,VDC,--------,---
53,2023/05/04 00:35:40.1,+02.48216,VDC,--------,---
54,2023/05/04 00:35:40.1,+02.48216,VDC,--------,---
55,2023/05/04 00:35:40.2,+02.48216,VDC,--------,---
56,2023/05/04 00:35:40.2,+02.48214,VDC,--------,---
57,2023/05/04 00:35:40.2,+02.48215,VDC,--------,---
58,2023/05/04 00:35:40.3,+02.48215,VDC,--------,---
59,2023/05/04 00:35:40.3,+02.48217,VDC,--------,---
60,2023/05/04 00:35:40.3,+02.48217,VDC,--------,---
61,2023/05/04 00:35:40.4,+02.48218,VDC,--------,---
62,2023/05/04 00:35:40.4,+02.48220,VDC,--------,---
63,2023/05/04 00:35:40.4,+02.48220,VDC,--------,---
64,2023/05/04 00:35:40.5,+02.48220,VDC,--------,---
65,2023/05/04 00:35:40.5,+02.48220,VDC,--------,---
66,2023/05/04 00:35:40.5,+02.48221,VDC,--------,---
67,2023/05/04 00:35:40.6,+02.48222,VDC,--------,---
68,2023/05/04 00:35:40.6,+02.48222,VDC,--------,---
69,2023/05/04 00:35:40.6,+02.48221,VDC,--------,---
70,2023/05/04 00:35:40.7,+02.48221,VDC,--------,---
71,2023/05/04 00:35:40.7,+02.48220,VDC,--------,---
72,2023/05/04 00:35:40.7,+02.48220,VDC,--------,---
73,2023/05/04 00:35:40.8,+02.48220,VDC,--------,---
74,2023/05/04 00:35:40.8,+02.48221,VDC,--------,---
75,2023/05/04 00:35:40.8,+02.48221,VDC,--------,---
76,2023/05/04 00:35:40.9,+02.48222,VDC,--------,---
77,2023/05/04 00:35:40.9,+02.48221,VDC,--------,---
78,2023/05/04 00:35:40.9,+02.48220,VDC,--------,---
79,2023/05/04 00:35:40.9,+02.48221,VDC,--------,---
80,2023/05/04 00:35:41.0,+02.48221,VDC,--------,---
81,2023/05/04 00:35:41.0,+02.48222,VDC,--------,---
82,2023/05/04 00:35:41.0,+02.48221,VDC,--------,---
83,2023/05/04 00:35:41.1,+02.48222,VDC,--------,---
84,2023/05/04 00:35:41.1,+02.48221,VDC,--------,---
85,2023/05/04 00:35:41.1,+02.48221,VDC,--------,---
86,2023/05/04 00:35:41.2,+02.48222,VDC,--------,---
87,2023/05/04 00:35:41.2,+02.48222,VDC,--------,---
88,2023/05/04 00:35:41.2,+02.48224,VDC,--------,---
89,2023/05/04 00:35:41.3,+02.48224,VDC,--------,---
90,2023/05/04 00:35:41.3,+02.48225,VDC,--------,---
91,2023/05/04 00:35:41.3,+02.48225,VDC,--------,---
92,2023/05/04 00:35:41.4,+02.48227,VDC,--------,---
93,2023/05/04 00:35:41.4,+02.48228,VDC,--------,---
94,2023/05/04 00:35:41.4,+02.48229,VDC,--------,---
95,2023/05/04 00:35:41.5,+02.48229,VDC,--------,---
96,2023/05/04 00:35:41.5,+02.48228,VDC,--------,---
97,2023/05/04 00:35:41.5,+02.48229,VDC,--------,---
98,2023/05/04 00:35:41.6,+02.48229,VDC,--------,---
99,2023/05/04 00:35:41.6,+02.48229,VDC,--------,---
100,2023/05/04 00:35:41.6,+02.48230,VDC,--------,---
101,2023/05/04 00:35:41.7,+02.48232,VDC,--------,---
102,2023/05/04 00:35:41.7,+02.48233,VDC,--------,---
103,2023/05/04 00:35:41.7,+02.48235,VDC,--------,---
104,2023/05/04 00:35:41.7,+02.48236,VDC,--------,---
105,2023/05/04 00:35:41.8,+02.48238,VDC,--------,---
106,2023/05/04 00:35:41.8,+02.48239,VDC,--------,---
107,2023/05/04 00:35:41.8,+02.48239,VDC,--------,---
108,2023/05/04 00:35:41.9,+02.48240,VDC,--------,---
109,2023/05/04 00:35:41.9,+02.48239,VDC,--------,---
110,2023/05/04 00:35:41.9,+02.48237,VDC,--------,---
111,2023/05/04 00:35:42.0,+02.48236,VDC,--------,---
112,2023/05/04 00:35:42.0,+02.48235,VDC,--------,---
113,2023/05/04 00:35:42.0,+02.48233,VDC,--------,---
114,2023/05/04 00:35:42.1,+02.48231,VDC,--------,---
115,2023/05/04 00:35:42.1,+02.48229,VDC,--------,---
116,2023/05/04 00:35:42.1,+02.48227,VDC,--------,---
117,2023/05/04 00:35:42.2,+02.48227,VDC,--------,---
118,2023/05/04 00:35:42.2,+02.48226,VDC,--------,---
119,2023/05/04 00:35:42.2,+02.48226,VDC,--------,---
120,2023/05/04 00:35:42.3,+02.48226,VDC,--------,---
121,2023/05/04 00:35:42.3,+02.48226,VDC,--------,---
122,2023/05/04 00:35:42.3,+02.48226,VDC,--------,---
123,2023/05/04 00:35:42.4,+02.48226,VDC,--------,---
124,2023/05/04 00:35:42.4,+02.48226,VDC,--------,---
125,2023/05/04 00:35:42.4,+02.48227,VDC,--------,---
126,2023/05/04 00:35:42.5,+02.48227,VDC,--------,---
127,2023/05/04 00:35:42.5,+02.48227,VDC,--------,---
128,2023/05/04 00:35:42.5,+02.48225,VDC,--------,---
129,2023/05/04 00:35:42.5,+02.48224,VDC,--------,---
130,2023/05/04 00:35:42.6,+02.48222,VDC,--------,---
131,2023/05/04 00:35:42.6,+02.48220,VDC,--------,---
132,2023/05/04 00:35:42.6,+02.48219,VDC,--------,---
133,2023/05/04 00:35:42.7,+02.48218,VDC,--------,---
134,2023/05/04 00:35:42.7,+02.48218,VDC,--------,---
135,2023/05/04 00:35:42.7,+02.48217,VDC,--------,---
136,2023/05/04 00:35:42.8,+02.48215,VDC,--------,---
137,2023/05/04 00:35:42.8,+02.48215,VDC,--------,---
138,2023/05/04 00:35:42.8,+02.48216,VDC,--------,---
139,2023/05/04 00:35:42.9,+02.48217,VDC,--------,---
140,2023/05/04 00:35:42.9,+02.48218,VDC,--------,---
141,2023/05/04 00:35:42.9,+02.48219,VDC,--------,---
142,2023/05/04 00:35:43.0,+02.48220,VDC,--------,---
143,2023/05/04 00:35:43.0,+02.48220,VDC,--------,---
144,2023/05/04 00:35:43.0,+02.48219,VDC,--------,---
145,2023/05/04 00:35:43.1,+02.48218,VDC,--------,---
146,2023/05/04 00:35:43.1,+02.48219,VDC,--------,---
147,2023/05/04 00:35:43.1,+02.48220,VDC,--------,---
148,2023/05/04 00:35:43.2,+02.48220,VDC,--------,---
149,2023/05/04 00:35:43.2,+02.48220,VDC,--------,---
150,2023/05/04 00:35:43.2,+02.48220,VDC,--------,---
151,2023/05/04 00:35:43.3,+02.48219,VDC,--------,---
152,2023/05/04 00:35:43.3,+02.48218,VDC,--------,---
153,2023/05/04 00:35:43.3,+02.48218,VDC,--------,---
154,2023/05/04 00:35:43.3,+02.48219,VDC,--------,---
155,2023/05/04 00:35:43.4,+02.48221,VDC,--------,---
156,2023/05/04 00:35:43.4,+02.48222,VDC,--------,---
157,2023/05/04 00:35:43.4,+02.48222,VDC,--------,---
158,2023/05/04 00:35:43.5,+02.48222,VDC,--------,---
159,2023/05/04 00:35:43.5,+02.48223,VDC,--------,---
160,2023/05/04 00:35:43.5,+02.48223,VDC,--------,---
161,2023/05/04 00:35:43.6,+02.48223,VDC,--------,---
162,2023/05/04 00:35:43.6,+02.48223,VDC,--------,---
163,2023/05/04 00:35:43.6,+02.48222,VDC,--------,---
164,2023/05/04 00:35:43.7,+02.48220,VDC,--------,---
165,2023/05/04 00:35:43.7,+02.48219,VDC,--------,---
166,2023/05/04 00:35:43.7,+02.48218,VDC,--------,---
167,2023/05/04 00:35:43.8,+02.48219,VDC,--------,---
168,2023/05/04 00:35:43.8,+02.48220,VDC,--------,---
169,2023/05/04 00:35:43.8,+02.48221,VDC,--------,---
170,2023/05/04 00:35:43.9,+02.48220,VDC,--------,---
171,2023/05/04 00:35:43.9,+02.48221,VDC,--------,---
172,2023/05/04 00:35:43.9,+02.48222,VDC,--------,---
173,2023/05/04 00:35:44.0,+02.48222,VDC,--------,---
174,2023/05/04 00:35:44.0,+02.48221,VDC,--------,---
175,2023/05/04 00:35:44.0,+02.48220,VDC,--------,---
176,2023/05/04 00:35:44.1,+02.48221,VDC,--------,---
177,2023/05/04 00:35:44.1,+02.48219,VDC,--------,---
178,2023/05/04 00:35:44.1,+02.48217,VDC,--------,---
179,2023/05/04 00:35:44.2,+02.48214,VDC,--------,---
180,2023/05/04 00:35:44.2,+02.48214,VDC,--------,---
181,2023/05/04 00:35:44.2,+02.48214,VDC,--------,---
182,2023/05/04 00:35:44.2,+02.48213,VDC,--------,---
183,2023/05/04 00:35:44.3,+02.48213,VDC,--------,---
184,2023/05/04 00:35:44.3,+02.48214,VDC,--------,---
185,2023/05/04 00:35:44.3,+02.48214,VDC,--------,---
186,2023/05/04 00:35:44.4,+02.48214,VDC,--------,---
187,2023/05/04 00:35:44.4,+02.48214,VDC,--------,---
188,2023/05/04 00:35:44.4,+02.48215,VDC,--------,---
189,2023/05/04 00:35:44.5,+02.48215,VDC,--------,---
190,2023/05/04 00:35:44.5,+02.48214,VDC,--------,---
191,2023/05/04 00:35:44.5,+02.48213,VDC,--------,---
192,2023/05/04 00:35:44.6,+02.48214,VDC,--------,---
193,2023/05/04 00:35:44.6,+02.48215,VDC,--------,---
194,2023/05/04 00:35:44.6,+02.48214,VDC,--------,---
195,2023/05/04 00:35:44.7,+02.48214,VDC,--------,---
196,2023/05/04 00:35:44.7,+02.48214,VDC,--------,---
197,2023/05/04 00:35:44.7,+02.48214,VDC,--------,---
198,2023/05/04 00:35:44.8,+02.48215,VDC,--------,---
199,2023/05/04 00:35:44.8,+02.48214,VDC,--------,---
200,2023/05/04 00:35:44.8,+02.48214,VDC,--------,---
201,2023/05/04 00:35:44.9,+02.48214,VDC,--------,---
202,2023/05/04 00:35:44.9,+02.48213,VDC,--------,---
203,2023/05/04 00:35:44.9,+02.48211,VDC,--------,---
204,2023/05/04 00:35:44.9,+02.48211,VDC,--------,---
205,2023/05/04 00:35:45.0,+02.48212,VDC,--------,---
206,2023/05/04 00:35:45.0,+02.48212,VDC,--------,---
207,2023/05/04 00:35:45.0,+02.48212,VDC,--------,---
208,2023/05/04 00:35:45.1,+02.48210,VDC,--------,---
209,2023/05/04 00:35:45.1,+02.48212,VDC,--------,---
210,2023/05/04 00:35:45.1,+02.48212,VDC,--------,---
211,2023/05/04 00:35:45.2,+02.48214,VDC,--------,---
212,2023/05/04 00:35:45.2,+02.48215,VDC,--------,---
213,2023/05/04 00:35:45.2,+02.48216,VDC,--------,---
214,2023/05/04 00:35:45.3,+02.48217,VDC,--------,---
215,2023/05/04 00:35:45.3,+02.48217,VDC,--------,---
216,2023/05/04 00:35:45.3,+02.48215,VDC,--------,---
217,2023/05/04 00:35:45.4,+02.48215,VDC,--------,---
218,2023/05/04 00:35:45.4,+02.48217,VDC,--------,---
219,2023/05/04 00:35:45.4,+02.48217,VDC,--------,---
220,2023/05/04 00:35:45.5,+02.48217,VDC,--------,---
221,2023/05/04 00:35:45.5,+02.48216,VDC,--------,---
222,2023/05/04 00:35:45.5,+02.48216,VDC,--------,---
223,2023/05/04 00:35:45.6,+02.48216,VDC,--------,---
224,2023/05/04 00:35:45.6,+02.48215,VDC,--------,---
225,2023/05/04 00:35:45.6,+02.48214,VDC,--------,---
226,2023/05/04 00:35:45.7,+02.48215,VDC,--------,---
227,2023/05/04 00:35:45.7,+02.48217,VDC,--------,---
228,2023/05/04 00:35:45.7,+02.48217,VDC,--------,---
229,2023/05/04 00:35:45.8,+02.48218,VDC,--------,---
230,2023/05/04 00:35:45.8,+02.48218,VDC,--------,---
231,2023/05/04 00:35:45.8,+02.48219,VDC,--------,---
232,2023/05/04 00:35:45.8,+02.48218,VDC,--------,---
233,2023/05/04 00:35:45.9,+02.48217,VDC,--------,---
234,2023/05/04 00:35:45.9,+02.48216,VDC,--------,---
235,2023/05/04 00:35:45.9,+02.48214,VDC,--------,---
236,2023/05/04 00:35:46.0,+02.48213,VDC,--------,---
237,2023/05/04 00:35:46.0,+02.48211,VDC,--------,---
238,2023/05/04 00:35:46.0,+02.48210,VDC,--------,---
239,2023/05/04 00:35:46.1,+02.48208,VDC,--------,---
240,2023/05/04 00:35:46.1,+02.48208,VDC,--------,---
241,2023/05/04 00:35:46.1,+02.48209,VDC,--------,---
242,2023/05/04 00:35:46.2,+02.48210,VDC,--------,---
243,2023/05/04 00:35:46.2,+02.48212,VDC,--------,---
244,2023/05/04 00:35:46.2,+02.48214,VDC,--------,---
245,2023/05/04 00:35:46.3,+02.48216,VDC,--------,---
246,2023/05/04 00:35:46.3,+02.48217,VDC,--------,---
247,2023/05/04 00:35:46.3,+02.48218,VDC,--------,---
248,2023/05/04 00:35:46.4,+02.48218,VDC,--------,---
249,2023/05/04 00:35:46.4,+02.48219,VDC,--------,---
250,2023/05/04 00:35:46.4,+02.48219,VDC,--------,---
251,2023/05/04 00:35:46.5,+02.48217,VDC,--------,---
252,2023/05/04 00:35:46.5,+02.48216,VDC,--------,---
253,2023/05/04 00:35:46.5,+02.48215,VDC,--------,---
254,2023/05/04 00:35:46.6,+02.48214,VDC,--------,---
255,2023/05/04 00:35:46.6,+02.48213,VDC,--------,---
256,2023/05/04 00:35:46.6,+02.48212,VDC,--------,---
257,2023/05/04 00:35:46.6,+02.48211,VDC,--------,---
258,2023/05/04 00:35:46.7,+02.48212,VDC,--------,---
259,2023/05/04 00:35:46.7,+02.48212,VDC,--------,---
260,2023/05/04 00:35:46.7,+02.48212,VDC,--------,---
261,2023/05/04 00:35:46.8,+02.48211,VDC,--------,---
262,2023/05/04 00:35:46.8,+02.48212,VDC,--------,---
263,2023/05/04 00:35:46.8,+02.48212,VDC,--------,---
264,2023/05/04 00:35:46.9,+02.48216,VDC,--------,---
265,2023/05/04 00:35:46.9,+02.48218,VDC,--------,---
266,2023/05/04 00:35:46.9,+02.48219,VDC,--------,---
267,2023/05/04 00:35:47.0,+02.48219,VDC,--------,---
268,2023/05/04 00:35:47.0,+02.48219,VDC,--------,---
269,2023/05/04 00:35:47.0,+02.48219,VDC,--------,---
270,2023/05/04 00:35:47.1,+02.48220,VDC,--------,---
271,2023/05/04 00:35:47.1,+02.48220,VDC,--------,---
272,2023/05/04 00:35:47.1,+02.48221,VDC,--------,---
273,2023/05/04 00:35:47.2,+02.48221,VDC,--------,---
274,2023/05/04 00:35:47.2,+02.48220,VDC,--------,---
275,2023/05/04 00:35:47.2,+02.48218,VDC,--------,---
276,2023/05/04 00:35:47.3,+02.48217,VDC,--------,---
277,2023/05/04 00:35:47.3,+02.48217,VDC,--------,---
278,2023/05/04 00:35:47.3,+02.48216,VDC,--------,---
279,2023/05/04 00:35:47.4,+02.48217,VDC,--------,---
280,2023/05/04 00:35:47.4,+02.48217,VDC,--------,---
281,2023/05/04 00:35:47.4,+02.48217,VDC,--------,---
282,2023/05/04 00:35:47.5,+02.48215,VDC,--------,---
283,2023/05/04 00:35:47.5,+02.48214,VDC,--------,---
284,2023/05/04 00:35:47.5,+02.48214,VDC,--------,---
285,2023/05/04 00:35:47.5,+02.48216,VDC,--------,---
286,2023/05/04 00:35:47.6,+02.48217,VDC,--------,---
287,2023/05/04 00:35:47.6,+02.48216,VDC,--------,---
288,2023/05/04 00:35:47.6,+02.48216,VDC,--------,---
289,2023/05/04 00:35:47.7,+02.48217,VDC,--------,---
290,2023/05/04 00:35:47.7,+02.48217,VDC,--------,---
291,2023/05/04 00:35:47.7,+02.48218,VDC,--------,---
292,2023/05/04 00:35:47.8,+02.48218,VDC,--------,---
293,2023/05/04 00:35:47.8,+02.48217,VDC,--------,---
294,2023/05/04 00:35:47.8,+02.48218,VDC,--------,---
295,2023/05/04 00:35:47.9,+02.48218,VDC,--------,---
296,2023/05/04 00:35:47.9,+02.48217,VDC,--------,---
297,2023/05/04 00:35:47.9,+02.48216,VDC,--------,---
298,2023/05/04 00:35:48.0,+02.48215,VDC,--------,---
299,2023/05/04 00:35:48.0,+02.48214,VDC,--------,---
300,2023/05/04 00:35:48.0,+02.48213,VDC,--------,---
301,2023/05/04 00:35:48.1,+02.48213,VDC,--------,---
302,2023/05/04 00:35:48.1,+02.48212,VDC,--------,---
303,2023/05/04 00:35:48.1,+02.48213,VDC,--------,---
304,2023/05/04 00:35:48.2,+02.48213,VDC,--------,---
305,2023/05/04 00:35:48.2,+02.48213,VDC,--------,---
306,2023/05/04 00:35:48.2,+02.48214,VDC,--------,---
307,2023/05/04 00:35:48.3,+02.48214,VDC,--------,---
308,2023/05/04 00:35:48.3,+02.48213,VDC,--------,---
309,2023/05/04 00:35:48.3,+02.48213,VDC,--------,---
310,2023/05/04 00:35:48.3,+02.48213,VDC,--------,---
311,2023/05/04 00:35:48.4,+02.48213,VDC,--------,---
312,2023/05/04 00:35:48.4,+02.48214,VDC,--------,---
313,2023/05/04 00:35:48.4,+02.48214,VDC,--------,---
314,2023/05/04 00:35:48.5,+02.48214,VDC,--------,---
315,2023/05/04 00:35:48.5,+02.48214,VDC,--------,---
316,2023/05/04 00:35:48.5,+02.48215,VDC,--------,---
317,2023/05/04 00:35:48.6,+02.48215,VDC,--------,---
318,2023/05/04 00:35:48.6,+02.48214,VDC,--------,---
319,2023/05/04 00:35:48.6,+02.48214,VDC,--------,---
320,2023/05/04 00:35:48.7,+02.48215,VDC,--------,---
321,2023/05/04 00:35:48.7,+02.48216,VDC,--------,---
322,2023/05/04 00:35:48.7,+02.48216,VDC,--------,---
323,2023/05/04 00:35:48.8,+02.48214,VDC,--------,---
324,2023/05/04 00:35:48.8,+02.48214,VDC,--------,---
325,2023/05/04 00:35:48.8,+02.48214,VDC,--------,---
326,2023/05/04 00:35:48.9,+02.48213,VDC,--------,---
327,2023/05/04 00:35:48.9,+02.48214,VDC,--------,---
328,2023/05/04 00:35:48.9,+02.48214,VDC,--------,---
329,2023/05/04 00:35:49.0,+02.48215,VDC,--------,---
330,2023/05/04 00:35:49.0,+02.48215,VDC,--------,---
331,2023/05/04 00:35:49.0,+02.48215,VDC,--------,---
332,2023/05/04 00:35:49.1,+02.48215,VDC,--------,---
333,2023/05/04 00:35:49.1,+02.48215,VDC,--------,---
334,2023/05/04 00:35:49.1,+02.48215,VDC,--------,---
335,2023/05/04 00:35:49.1,+02.48214,VDC,--------,---
336,2023/05/04 00:35:49.2,+02.48214,VDC,--------,---
337,2023/05/04 00:35:49.2,+02.48214,VDC,--------,---
338,2023/05/04 00:35:49.2,+02.48216,VDC,--------,---
339,2023/05/04 00:35:49.3,+02.48215,VDC,--------,---
340,2023/05/04 00:35:49.3,+02.48215,VDC,--------,---
341,2023/05/04 00:35:49.3,+02.48215,VDC,--------,---
342,2023/05/04 00:35:49.4,+02.48214,VDC,--------,---
343,2023/05/04 00:35:49.4,+02.48214,VDC,--------,---
344,2023/05/04 00:35:49.4,+02.48213,VDC,--------,---
345,2023/05/04 00:35:49.5,+02.48213,VDC,--------,---
346,2023/05/04 00:35:49.5,+02.48212,VDC,--------,---
347,2023/05/04 00:35:49.5,+02.48212,VDC,--------,---
348,2023/05/04 00:35:49.6,+02.48211,VDC,--------,---
349,2023/05/04 00:35:49.6,+02.48210,VDC,--------,---
350,2023/05/04 00:35:49.6,+02.48209,VDC,--------,---
351,2023/05/04 00:35:49.7,+02.48207,VDC,--------,---
352,2023/05/04 00:35:49.7,+02.48207,VDC,--------,---
353,2023/05/04 00:35:49.7,+02.48206,VDC,--------,---
354,2023/05/04 00:35:49.8,+02.48206,VDC,--------,---
355,2023/05/04 00:35:49.8,+02.48207,VDC,--------,---
356,2023/05/04 00:35:49.8,+02.48208,VDC,--------,---
357,2023/05/04 00:35:49.9,+02.48209,VDC,--------,---
358,2023/05/04 00:35:49.9,+02.48209,VDC,--------,---
359,2023/05/04 00:35:49.9,+02.48209,VDC,--------,---
360,2023/05/04 00:35:49.9,+02.48210,VDC,--------,---
361,2023/05/04 00:35:50.0,+02.48211,VDC,--------,---
362,2023/05/04 00:35:50.0,+02.48212,VDC,--------,---
363,2023/05/04 00:35:50.0,+02.48213,VDC,--------,---
364,2023/05/04 00:35:50.1,+02.48213,VDC,--------,---
365,2023/05/04 00:35:50.1,+02.48213,VDC,--------,---
366,2023/05/04 00:35:50.1,+02.48213,VDC,--------,---
367,2023/05/04 00:35:50.2,+02.48213,VDC,--------,---
368,2023/05/04 00:35:50.2,+02.48211,VDC,--------,---
369,2023/05/04 00:35:50.2,+02.48211,VDC,--------,---
370,2023/05/04 00:35:50.3,+02.48210,VDC,--------,---
371,2023/05/04 00:35:50.3,+02.48211,VDC,--------,---
372,2023/05/04 00:35:50.3,+02.48210,VDC,--------,---
373,2023/05/04 00:35:50.4,+02.48209,VDC,--------,---
374,2023/05/04 00:35:50.4,+02.48209,VDC,--------,---
375,2023/05/04 00:35:50.4,+02.48208,VDC,--------,---
376,2023/05/04 00:35:50.5,+02.48208,VDC,--------,---
377,2023/05/04 00:35:50.5,+02.48208,VDC,--------,---
378,2023/05/04 00:35:50.5,+02.48208,VDC,--------,---
379,2023/05/04 00:35:50.6,+02.48208,VDC,--------,---
380,2023/05/04 00:35:50.6,+02.48209,VDC,--------,---
381,2023/05/04 00:35:50.6,+02.48208,VDC,--------,---
382,2023/05/04 00:35:50.7,+02.48208,VDC,--------,---
383,2023/05/04 00:35:50.7,+02.48210,VDC,--------,---
384,2023/05/04 00:35:50.7,+02.48211,VDC,--------,---
385,2023/05/04 00:35:50.7,+02.48211,VDC,--------,---
386,2023/05/04 00:35:50.8,+02.48210,VDC,--------,---
387,2023/05/04 00:35:50.8,+02.48211,VDC,--------,---
388,2023/05/04 00:35:50.8,+02.48212,VDC,--------,---
389,2023/05/04 00:35:50.9,+02.48211,VDC,--------,---
390,2023/05/04 00:35:50.9,+02.48212,VDC,--------,---
391,2023/05/04 00:35:50.9,+02.48213,VDC,--------,---
392,2023/05/04 00:35:51.0,+02.48215,VDC,--------,---
393,2023/05/04 00:35:51.0,+02.48215,VDC,--------,---
394,2023/05/04 00:35:51.0,+02.48216,VDC,--------,---
395,2023/05/04 00:35:51.1,+02.48215,VDC,--------,---
396,2023/05/04 00:35:51.1,+02.48217,VDC,--------,---
397,2023/05/04 00:35:51.1,+02.48217,VDC,--------,---
398,2023/05/04 00:35:51.2,+02.48217,VDC,--------,---
399,2023/05/04 00:35:51.2,+02.48219,VDC,--------,---
400,2023/05/04 00:35:51.2,+02.48218,VDC,--------,---
401,2023/05/04 00:35:51.3,+02.48219,VDC,--------,---
402,2023/05/04 00:35:51.3,+02.48218,VDC,--------,---
403,2023/05/04 00:35:51.3,+02.48217,VDC,--------,---
404,2023/05/04 00:35:51.4,+02.48217,VDC,--------,---
405,2023/05/04 00:35:51.4,+02.48216,VDC,--------,---
406,2023/05/04 00:35:51.4,+02.48216,VDC,--------,---
407,2023/05/04 00:35:51.5,+02.48215,VDC,--------,---
408,2023/05/04 00:35:51.5,+02.48215,VDC,--------,---
409,2023/05/04 00:35:51.5,+02.48214,VDC,--------,---
410,2023/05/04 00:35:51.5,+02.48213,VDC,--------,---
411,2023/05/04 00:35:51.6,+02.48212,VDC,--------,---
412,2023/05/04 00:35:51.6,+02.48214,VDC,--------,---
413,2023/05/04 00:35:51.6,+02.48214,VDC,--------,---
414,2023/05/04 00:35:51.7,+02.48215,VDC,--------,---
415,2023/05/04 00:35:51.7,+02.48216,VDC,--------,---
416,2023/05/04 00:35:51.7,+02.48217,VDC,--------,---
417,2023/05/04 00:35:51.8,+02.48219,VDC,--------,---
418,2023/05/04 00:35:51.8,+02.48220,VDC,--------,---
419,2023/05/04 00:35:51.8,+02.48221,VDC,--------,---
420,2023/05/04 00:35:51.9,+02.48221,VDC,--------,---
421,2023/05/04 00:35:51.9,+02.48222,VDC,--------,---
422,2023/05/04 00:35:51.9,+02.48223,VDC,--------,---
423,2023/05/04 00:35:52.0,+02.48224,VDC,--------,---
424,2023/05/04 00:35:52.0,+02.48223,VDC,--------,---
425,2023/05/04 00:35:52.0,+02.48223,VDC,--------,---
426,2023/05/04 00:35:52.1,+02.48223,VDC,--------,---
427,2023/05/04 00:35:52.1,+02.48223,VDC,--------,---
428,2023/05/04 00:35:52.1,+02.48221,VDC,--------,---
429,2023/05/04 00:35:52.2,+02.48221,VDC,--------,---
430,2023/05/04 00:35:52.2,+02.48221,VDC,--------,---
431,2023/05/04 00:35:52.2,+02.48220,VDC,--------,---
432,2023/05/04 00:35:52.3,+02.48219,VDC,--------,---
433,2023/05/04 00:35:52.3,+02.48218,VDC,--------,---
434,2023/05/04 00:35:52.3,+02.48218,VDC,--------,---
435,2023/05/04 00:35:52.3,+02.48218,VDC,--------,---
436,2023/05/04 00:35:52.4,+02.48216,VDC,--------,---
437,2023/05/04 00:35:52.4,+02.48215,VDC,--------,---
438,2023/05/04 00:35:52.4,+02.48215,VDC,--------,---
439,2023/05/04 00:35:52.5,+02.48215,VDC,--------,---
440,2023/05/04 00:35:52.5,+02.48214,VDC,--------,---
441,2023/05/04 00:35:52.5,+02.48213,VDC,--------,---
442,2023/05/04 00:35:52.6,+02.48211,VDC,--------,---
443,2023/05/04 00:35:52.6,+02.48211,VDC,--------,---
444,2023/05/04 00:35:52.6,+02.48212,VDC,--------,---
445,2023/05/04 00:35:52.7,+02.48213,VDC,--------,---
446,2023/05/04 00:35:52.7,+02.48214,VDC,--------,---
447,2023/05/04 00:35:52.7,+02.48216,VDC,--------,---
448,2023/05/04 00:35:52.8,+02.48217,VDC,--------,---
449,2023/05/04 00:35:52.8,+02.48217,VDC,--------,---
450,2023/05/04 00:35:52.8,+02.48217,VDC,--------,---
451,2023/05/04 00:35:52.9,+02.48219,VDC,--------,---
452,2023/05/04 00:35:52.9,+02.48220,VDC,--------,---
453,2023/05/04 00:35:52.9,+02.48220,VDC,--------,---
454,2023/05/04 00:35:53.0,+02.48220,VDC,--------,---
455,2023/05/04 00:35:53.0,+02.48220,VDC,--------,---
456,2023/05/04 00:35:53.0,+02.48220,VDC,--------,---
457,2023/05/04 00:35:53.1,+02.48220,VDC,--------,---
458,2023/05/04 00:35:53.1,+02.48221,VDC,--------,---
459,2023/05/04 00:35:53.1,+02.48222,VDC,--------,---
460,2023/05/04 00:35:53.1,+02.48223,VDC,--------,---
461,2023/05/04 00:35:53.2,+02.48223,VDC,--------,---
462,2023/05/04 00:35:53.2,+02.48225,VDC,--------,---
463,2023/05/04 00:35:53.2,+02.48226,VDC,--------,---
464,2023/05/04 00:35:53.3,+02.48227,VDC,--------,---
465,2023/05/04 00:35:53.3,+02.48226,VDC,--------,---
466,2023/05/04 00:35:53.3,+02.48226,VDC,--------,---
467,2023/05/04 00:35:53.4,+02.48226,VDC,--------,---
468,2023/05/04 00:35:53.4,+02.48226,VDC,--------,---
469,2023/05/04 00:35:53.4,+02.48227,VDC,--------,---
470,2023/05/04 00:35:53.5,+02.48227,VDC,--------,---
471,2023/05/04 00:35:53.5,+02.48227,VDC,--------,---
472,2023/05/04 00:35:53.5,+02.48226,VDC,--------,---
473,2023/05/04 00:35:53.6,+02.48226,VDC,--------,---
474,2023/05/04 00:35:53.6,+02.48225,VDC,--------,---
475,2023/05/04 00:35:53.6,+02.48224,VDC,--------,---
476,2023/05/04 00:35:53.7,+02.48224,VDC,--------,---
477,2023/05/04 00:35:53.7,+02.48223,VDC,--------,---
478,2023/05/04 00:35:53.7,+02.48222,VDC,--------,---
479,2023/05/04 00:35:53.8,+02.48221,VDC,--------,---
480,2023/05/04 00:35:53.8,+02.48220,VDC,--------,---
481,2023/05/04 00:35:53.8,+02.48219,VDC,--------,---
482,2023/05/04 00:35:53.9,+02.48218,VDC,--------,---
483,2023/05/04 00:35:53.9,+02.48217,VDC,--------,---
484,2023/05/04 00:35:53.9,+02.48218,VDC,--------,---
485,2023/05/04 00:35:53.9,+02.48218,VDC,--------,---
486,2023/05/04 00:35:54.0,+02.48218,VDC,--------,---
487,2023/05/04 00:35:54.0,+02.48218,VDC,--------,---
488,2023/05/04 00:35:54.0,+02.48219,VDC,--------,---
489,2023/05/04 00:35:54.1,+02.48219,VDC,--------,---
490,2023/05/04 00:35:54.1,+02.48220,VDC,--------,---
491,2023/05/04 00:35:54.1,+02.48221,VDC,--------,---
492,2023/05/04 00:35:54.2,+02.48222,VDC,--------,---
493,2023/05/04 00:35:54.2,+02.48223,VDC,--------,---
494,2023/05/04 00:35:54.2,+02.48224,VDC,--------,---
495,2023/05/04 00:35:54.3,+02.48226,VDC,--------,---
496,2023/05/04 00:35:54.3,+02.48225,VDC,--------,---
497,2023/05/04 00:35:54.3,+02.48224,VDC,--------,---
498,2023/05/04 00:35:54.4,+02.48223,VDC,--------,---
499,2023/05/04 00:35:54.4,+02.48223,VDC,--------,---
500,2023/05/04 00:35:54.4,+02.48223,VDC,--------,---
501,2023/05/04 00:35:54.5,+02.48224,VDC,--------,---
502,2023/05/04 00:35:54.5,+02.48224,VDC,--------,---
503,2023/05/04 00:35:54.5,+02.48223,VDC,--------,---
504,2023/05/04 00:35:54.6,+02.48222,VDC,--------,---
505,2023/05/04 00:35:54.6,+02.48221,VDC,--------,---
506,2023/05/04 00:35:54.6,+02.48221,VDC,--------,---
507,2023/05/04 00:35:54.7,+02.48223,VDC,--------,---
508,2023/05/04 00:35:54.7,+02.48223,VDC,--------,---
509,2023/05/04 00:35:54.7,+02.48224,VDC,--------,---
510,2023/05/04 00:35:54.7,+02.48223,VDC,--------,---
511,2023/05/04 00:35:54.8,+02.48222,VDC,--------,---
512,2023/05/04 00:35:54.8,+02.48222,VDC,--------,---
513,2023/05/04 00:35:54.8,+02.48222,VDC,--------,---
514,2023/05/04 00:35:54.9,+02.48223,VDC,--------,---
515,2023/05/04 00:35:54.9,+02.48223,VDC,--------,---
516,2023/05/04 00:35:54.9,+02.48224,VDC,--------,---
517,2023/05/04 00:35:55.0,+02.48222,VDC,--------,---
518,2023/05/04 00:35:55.0,+02.48223,VDC,--------,---
519,2023/05/04 00:35:55.0,+02.48222,VDC,--------,---
520,2023/05/04 00:35:55.1,+02.48220,VDC,--------,---
521,2023/05/04 00:35:55.1,+02.48221,VDC,--------,---
522,2023/05/04 00:35:55.1,+02.48220,VDC,--------,---
523,2023/05/04 00:35:55.2,+02.48220,VDC,--------,---
524,2023/05/04 00:35:55.2,+02.48220,VDC,--------,---
525,2023/05/04 00:35:55.2,+02.48220,VDC,--------,---
526,2023/05/04 00:35:55.3,+02.48220,VDC,--------,---
527,2023/05/04 00:35:55.3,+02.48222,VDC,--------,---
528,2023/05/04 00:35:55.3,+02.48222,VDC,--------,---
529,2023/05/04 00:35:55.4,+02.48224,VDC,--------,---
530,2023/05/04 00:35:55.4,+02.48226,VDC,--------,---
531,2023/05/04 00:35:55.4,+02.48228,VDC,--------,---
532,2023/05/04 00:35:55.5,+02.48229,VDC,--------,---
533,2023/05/04 00:35:55.5,+02.48231,VDC,--------,---
534,2023/05/04 00:35:55.5,+02.48232,VDC,--------,---
535,2023/05/04 00:35:55.5,+02.48233,VDC,--------,---
536,2023/05/04 00:35:55.6,+02.48233,VDC,--------,---
537,2023/05/04 00:35:55.6,+02.48234,VDC,--------,---
538,2023/05/04 00:35:55.6,+02.48233,VDC,--------,---
539,2023/05/04 00:35:55.7,+02.48232,VDC,--------,---
540,2023/05/04 00:35:55.7,+02.48232,VDC,--------,---
541,2023/05/04 00:35:55.7,+02.48231,VDC,--------,---
542,2023/05/04 00:35:55.8,+02.48231,VDC,--------,---
543,2023/05/04 00:35:55.8,+02.48230,VDC,--------,---
544,2023/05/04 00:35:55.8,+02.48229,VDC,--------,---
545,2023/05/04 00:35:55.9,+02.48228,VDC,--------,---
546,2023/05/04 00:35:55.9,+02.48229,VDC,--------,---
547,2023/05/04 00:35:55.9,+02.48227,VDC,--------,---
548,2023/05/04 00:35:56.0,+02.48227,VDC,--------,---
549,2023/05/04 00:35:56.0,+02.48227,VDC,--------,---
550,2023/05/04 00:35:56.0,+02.48227,VDC,--------,---
551,2023/05/04 00:35:56.1,+02.48226,VDC,--------,---
552,2023/05/04 00:35:56.1,+02.48226,VDC,--------,---
553,2023/05/04 00:35:56.1,+02.48227,VDC,--------,---
554,2023/05/04 00:35:56.2,+02.48227,VDC,--------,---
555,2023/05/04 00:35:56.2,+02.48226,VDC,--------,---
556,2023/05/04 00:35:56.2,+02.48226,VDC,--------,---
557,2023/05/04 00:35:56.3,+02.48226,VDC,--------,---
558,2023/05/04 00:35:56.3,+02.48226,VDC,--------,---
559,2023/05/04 00:35:56.3,+02.48227,VDC,--------,---
560,2023/05/04 00:35:56.3,+02.48227,VDC,--------,---
561,2023/05/04 00:35:56.4,+02.48227,VDC,--------,---
562,2023/05/04 00:35:56.4,+02.48227,VDC,--------,---
563,2023/05/04 00:35:56.4,+02.48227,VDC,--------,---
564,2023/05/04 00:35:56.5,+02.48228,VDC,--------,---
565,2023/05/04 00:35:56.5,+02.48228,VDC,--------,---
566,2023/05/04 00:35:56.5,+02.48229,VDC,--------,---
567,2023/05/04 00:35:56.6,+02.48229,VDC,--------,---
568,2023/05/04 00:35:56.6,+02.48229,VDC,--------,---
569,2023/05/04 00:35:56.6,+02.48229,VDC,--------,---
570,2023/05/04 00:35:56.7,+02.48229,VDC,--------,---
571,2023/05/04 00:35:56.7,+02.48229,VDC,--------,---
572,2023/05/04 00:35:56.7,+02.48227,VDC,--------,---
573,2023/05/04 00:35:56.8,+02.48227,VDC,--------,---
574,2023/05/04 00:35:56.8,+02.48227,VDC,--------,---
575,2023/05/04 00:35:56.8,+02.48226,VDC,--------,---
576,2023/05/04 00:35:56.9,+02.48226,VDC,--------,---
577,2023/05/04 00:35:56.9,+02.48225,VDC,--------,---
578,2023/05/04 00:35:56.9,+02.48225,VDC,--------,---
579,2023/05/04 00:35:57.0,+02.48225,VDC,--------,---
580,2023/05/04 00:35:57.0,+02.48225,VDC,--------,---
581,2023/05/04 00:35:57.0,+02.48227,VDC,--------,---
582,2023/05/04 00:35:57.1,+02.48229,VDC,--------,---
583,2023/05/04 00:35:57.1,+02.48230,VDC,--------,---
584,2023/05/04 00:35:57.1,+02.48231,VDC,--------,---
585,2023/05/04 00:35:57.1,+02.48232,VDC,--------,---
586,2023/05/04 00:35:57.2,+02.48234,VDC,--------,---
587,2023/05/04 00:35:57.2,+02.48235,VDC,--------,---
588,2023/05/04 00:35:57.2,+02.48234,VDC,--------,---
589,2023/05/04 00:35:57.3,+02.48233,VDC,--------,---
590,2023/05/04 00:35:57.3,+02.48233,VDC,--------,---
591,2023/05/04 00:35:57.3,+02.48231,VDC,--------,---
592,2023/05/04 00:35:57.4,+02.48229,VDC,--------,---
593,2023/05/04 00:35:57.4,+02.48227,VDC,--------,---
594,2023/05/04 00:35:57.4,+02.48225,VDC,--------,---
595,2023/05/04 00:35:57.5,+02.48223,VDC,--------,---
596,2023/05/04 00:35:57.5,+02.48222,VDC,--------,---
597,2023/05/04 00:35:57.5,+02.48221,VDC,--------,---
598,2023/05/04 00:35:57.6,+02.48220,VDC,--------,---
599,2023/05/04 00:35:57.6,+02.48221,VDC,--------,---
600,2023/05/04 00:35:57.6,+02.48222,VDC,--------,---
601,2023/05/04 00:35:57.7,+02.48223,VDC,--------,---
602,2023/05/04 00:35:57.7,+02.48223,VDC,--------,---
603,2023/05/04 00:35:57.7,+02.48224,VDC,--------,---
604,2023/05/04 00:35:57.8,+02.48224,VDC,--------,---
605,2023/05/04 00:35:57.8,+02.48225,VDC,--------,---
606,2023/05/04 00:35:57.8,+02.48224,VDC,--------,---
607,2023/05/04 00:35:57.9,+02.48225,VDC,--------,---
608,2023/05/04 00:35:57.9,+02.48226,VDC,--------,---
609,2023/05/04 00:35:57.9,+02.48225,VDC,--------,---
610,2023/05/04 00:35:57.9,+02.48226,VDC,--------,---
611,2023/05/04 00:35:58.0,+02.48226,VDC,--------,---
612,2023/05/04 00:35:58.0,+02.48225,VDC,--------,---
613,2023/05/04 00:35:58.0,+02.48227,VDC,--------,---
614,2023/05/04 00:35:58.1,+02.48227,VDC,--------,---
615,2023/05/04 00:35:58.1,+02.48227,VDC,--------,---
616,2023/05/04 00:35:58.1,+02.48228,VDC,--------,---
617,2023/05/04 00:35:58.2,+02.48227,VDC,--------,---
618,2023/05/04 00:35:58.2,+02.48226,VDC,--------,---
619,2023/05/04 00:35:58.2,+02.48226,VDC,--------,---
620,2023/05/04 00:35:58.3,+02.48225,VDC,--------,---
621,2023/05/04 00:35:58.3,+02.48224,VDC,--------,---
622,2023/05/04 00:35:58.3,+02.48224,VDC,--------,---
623,2023/05/04 00:35:58.4,+02.48223,VDC,--------,---
624,2023/05/04 00:35:58.4,+02.48223,VDC,--------,---
625,2023/05/04 00:35:58.4,+02.48223,VDC,--------,---
626,2023/05/04 00:35:58.5,+02.48223,VDC,--------,---
627,2023/05/04 00:35:58.5,+02.48224,VDC,--------,---
628,2023/05/04 00:35:58.5,+02.48225,VDC,--------,---
629,2023/05/04 00:35:58.6,+02.48226,VDC,--------,---
630,2023/05/04 00:35:58.6,+02.48228,VDC,--------,---
631,2023/05/04 00:35:58.6,+02.48229,VDC,--------,---
632,2023/05/04 00:35:58.7,+02.48231,VDC,--------,---
633,2023/05/04 00:35:58.7,+02.48232,VDC,--------,---
634,2023/05/04 00:35:58.7,+02.48233,VDC,--------,---
635,2023/05/04 00:35:58.7,+02.48232,VDC,--------,---
636,2023/05/04 00:35:58.8,+02.48232,VDC,--------,---
637,2023/05/04 00:35:58.8,+02.48232,VDC,--------,---
638,2023/05/04 00:35:58.8,+02.48232,VDC,--------,---
639,2023/05/04 00:35:58.9,+02.48230,VDC,--------,---
640,2023/05/04 00:35:58.9,+02.48229,VDC,--------,---
641,2023/05/04 00:35:58.9,+02.48228,VDC,--------,---
642,2023/05/04 00:35:59.0,+02.48227,VDC,--------,---
643,2023/05/04 00:35:59.0,+02.48226,VDC,--------,---
644,2023/05/04 00:35:59.0,+02.48225,VDC,--------,---
645,2023/05/04 00:35:59.1,+02.48224,VDC,--------,---
646,2023/05/04 00:35:59.1,+02.48224,VDC,--------,---
647,2023/05/04 00:35:59.1,+02.48223,VDC,--------,---
648,2023/05/04 00:35:59.2,+02.48222,VDC,--------,---
649,2023/05/04 00:35:59.2,+02.48223,VDC,--------,---
650,2023/05/04 00:35:59.2,+02.48223,VDC,--------,---
651,2023/05/04 00:35:59.3,+02.48223,VDC,--------,---
652,2023/05/04 00:35:59.3,+02.48221,VDC,--------,---
653,2023/05/04 00:35:59.3,+02.48221,VDC,--------,---
654,2023/05/04 00:35:59.4,+02.48222,VDC,--------,---
655,2023/05/04 00:35:59.4,+02.48222,VDC,--------,---
656,2023/05/04 00:35:59.4,+02.48222,VDC,--------,---
657,2023/05/04 00:35:59.5,+02.48221,VDC,--------,---
658,2023/05/04 00:35:59.5,+02.48222,VDC,--------,---
659,2023/05/04 00:35:59.5,+02.48223,VDC,--------,---
660,2023/05/04 00:35:59.5,+02.48223,VDC,--------,---
661,2023/05/04 00:35:59.6,+02.48223,VDC,--------,---
662,2023/05/04 00:35:59.6,+02.48224,VDC,--------,---
663,2023/05/04 00:35:59.6,+02.48224,VDC,--------,---
664,2023/05/04 00:35:59.7,+02.48224,VDC,--------,---
665,2023/05/04 00:35:59.7,+02.48224,VDC,--------,---
666,2023/05/04 00:35:59.7,+02.48224,VDC,--------,---
667,2023/05/04 00:35:59.8,+02.48223,VDC,--------,---
668,2023/05/04 00:35:59.8,+02.48223,VDC,--------,---
669,2023/05/04 00:35:59.8,+02.48222,VDC,--------,---
670,2023/05/04 00:35:59.9,+02.48223,VDC,--------,---
671,2023/05/04 00:35:59.9,+02.48223,VDC,--------,---
672,2023/05/04 00:35:59.9,+02.48223,VDC,--------,---
673,2023/05/04 00:36:00.0,+02.48223,VDC,--------,---
674,2023/05/04 00:36:00.0,+02.48223,VDC,--------,---
675,2023/05/04 00:36:00.0,+02.48223,VDC,--------,---
676,2023/05/04 00:36:00.1,+02.48224,VDC,--------,---
677,2023/05/04 00:36:00.1,+02.48225,VDC,--------,---
678,2023/05/04 00:36:00.1,+02.48225,VDC,--------,---
679,2023/05/04 00:36:00.2,+02.48225,VDC,--------,---
680,2023/05/04 00:36:00.2,+02.48224,VDC,--------,---
681,2023/05/04 00:36:00.2,+02.48224,VDC,--------,---
682,2023/05/04 00:36:00.3,+02.48223,VDC,--------,---
683,2023/05/04 00:36:00.3,+02.48224,VDC,--------,---
684,2023/05/04 00:36:00.3,+02.48223,VDC,--------,---
685,2023/05/04 00:36:00.3,+02.48222,VDC,--------,---
686,2023/05/04 00:36:00.4,+02.48221,VDC,--------,---
687,2023/05/04 00:36:00.4,+02.48221,VDC,--------,---
688,2023/05/04 00:36:00.4,+02.48220,VDC,--------,---
689,2023/05/04 00:36:00.5,+02.48220,VDC,--------,---
690,2023/05/04 00:36:00.5,+02.48220,VDC,--------,---
691,2023/05/04 00:36:00.5,+02.48219,VDC,--------,---
692,2023/05/04 00:36:00.6,+02.48220,VDC,--------,---
693,2023/05/04 00:36:00.6,+02.48219,VDC,--------,---
694,2023/05/04 00:36:00.6,+02.48218,VDC,--------,---
695,2023/05/04 00:36:00.7,+02.48218,VDC,--------,---
696,2023/05/04 00:36:00.7,+02.48218,VDC,--------,---
697,2023/05/04 00:36:00.7,+02.48216,VDC,--------,---
698,2023/05/04 00:36:00.8,+02.48215,VDC,--------,---
699,2023/05/04 00:36:00.8,+02.48212,VDC,--------,---
700,2023/05/04 00:36:00.8,+02.48213,VDC,--------,---
701,2023/05/04 00:36:00.9,+02.48212,VDC,--------,---
702,2023/05/04 00:36:00.9,+02.48210,VDC,--------,---
703,2023/05/04 00:36:00.9,+02.48210,VDC,--------,---
704,2023/05/04 00:36:01.0,+02.48211,VDC,--------,---
705,2023/05/04 00:36:01.0,+02.48212,VDC,--------,---
706,2023/05/04 00:36:01.0,+02.48213,VDC,--------,---
707,2023/05/04 00:36:01.1,+02.48214,VDC,--------,---
708,2023/05/04 00:36:01.1,+02.48216,VDC,--------,---
709,2023/05/04 00:36:01.1,+02.48217,VDC,--------,---
710,2023/05/04 00:36:01.1,+02.48216,VDC,--------,---
711,2023/05/04 00:36:01.2,+02.48216,VDC,--------,---
712,2023/05/04 00:36:01.2,+02.48218,VDC,--------,---
713,2023/05/04 00:36:01.2,+02.48218,VDC,--------,---
714,2023/05/04 00:36:01.3,+02.48218,VDC,--------,---
715,2023/05/04 00:36:01.3,+02.48218,VDC,--------,---
716,2023/05/04 00:36:01.3,+02.48217,VDC,--------,---
717,2023/05/04 00:36:01.4,+02.48217,VDC,--------,---
718,2023/05/04 00:36:01.4,+02.48218,VDC,--------,---
719,2023/05/04 00:36:01.4,+02.48219,VDC,--------,---
720,2023/05/04 00:36:01.5,+02.48220,VDC,--------,---
721,2023/05/04 00:36:01.5,+02.48221,VDC,--------,---
722,2023/05/04 00:36:01.5,+02.48221,VDC,--------,---
723,2023/05/04 00:36:01.6,+02.48220,VDC,--------,---
724,2023/05/04 00:36:01.6,+02.48220,VDC,--------,---
725,2023/05/04 00:36:01.6,+02.48221,VDC,--------,---
726,2023/05/04 00:36:01.7,+02.48220,VDC,--------,---
727,2023/05/04 00:36:01.7,+02.48220,VDC,--------,---
728,2023/05/04 00:36:01.7,+02.48219,VDC,--------,---
729,2023/05/04 00:36:01.8,+02.48218,VDC,--------,---
730,2023/05/04 00:36:01.8,+02.48218,VDC,--------,---
731,2023/05/04 00:36:01.8,+02.48217,VDC,--------,---
732,2023/05/04 00:36:01.9,+02.48218,VDC,--------,---
733,2023/05/04 00:36:01.9,+02.48219,VDC,--------,---
734,2023/05/04 00:36:01.9,+02.48220,VDC,--------,---
735,2023/05/04 00:36:01.9,+02.48218,VDC,--------,---
736,2023/05/04 00:36:02.0,+02.48219,VDC,--------,---
737,2023/05/04 00:36:02.0,+02.48219,VDC,--------,---
738,2023/05/04 00:36:02.0,+02.48218,VDC,--------,---
739,2023/05/04 00:36:02.1,+02.48218,VDC,--------,---
740,2023/05/04 00:36:02.1,+02.48218,VDC,--------,---
741,2023/05/04 00:36:02.1,+02.48218,VDC,--------,---
742,2023/05/04 00:36:02.2,+02.48218,VDC,--------,---
743,2023/05/04 00:36:02.2,+02.48217,VDC,--------,---
744,2023/05/04 00:36:02.2,+02.48217,VDC,--------,---
745,2023/05/04 00:36:02.3,+02.48217,VDC,--------,---
746,2023/05/04 00:36:02.3,+02.48217,VDC,--------,---
747,2023/05/04 00:36:02.3,+02.48217,VDC,--------,---
748,2023/05/04 00:36:02.4,+02.48218,VDC,--------,---
749,2023/05/04 00:36:02.4,+02.48218,VDC,--------,---
750,2023/05/04 00:36:02.4,+02.48219,VDC,--------,---
751,2023/05/04 00:36:02.5,+02.48219,VDC,--------,---
752,2023/05/04 00:36:02.5,+02.48221,VDC,--------,---
753,2023/05/04 00:36:02.5,+02.48221,VDC,--------,---
754,2023/05/04 00:36:02.6,+02.48221,VDC,--------,---
755,2023/05/04 00:36:02.6,+02.48222,VDC,--------,---
756,2023/05/04 00:36:02.6,+02.48222,VDC,--------,---
757,2023/05/04 00:36:02.7,+02.48222,VDC,--------,---
758,2023/05/04 00:36:02.7,+02.48223,VDC,--------,---
759,2023/05/04 00:36:02.7,+02.48222,VDC,--------,---
760,2023/05/04 00:36:02.7,+02.48222,VDC,--------,---
761,2023/05/04 00:36:02.8,+02.48224,VDC,--------,---
762,2023/05/04 00:36:02.8,+02.48223,VDC,--------,---
763,2023/05/04 00:36:02.8,+02.48222,VDC,--------,---
764,2023/05/04 00:36:02.9,+02.48223,VDC,--------,---
765,2023/05/04 00:36:02.9,+02.48222,VDC,--------,---
766,2023/05/04 00:36:02.9,+02.48223,VDC,--------,---
767,2023/05/04 00:36:03.0,+02.48225,VDC,--------,---
768,2023/05/04 00:36:03.0,+02.48224,VDC,--------,---
769,2023/05/04 00:36:03.0,+02.48224,VDC,--------,---
770,2023/05/04 00:36:03.1,+02.48224,VDC,--------,---
771,2023/05/04 00:36:03.1,+02.48222,VDC,--------,---
772,2023/05/04 00:36:03.1,+02.48222,VDC,--------,---
773,2023/05/04 00:36:03.2,+02.48222,VDC,--------,---
774,2023/05/04 00:36:03.2,+02.48223,VDC,--------,---
775,2023/05/04 00:36:03.2,+02.48223,VDC,--------,---
776,2023/05/04 00:36:03.3,+02.48223,VDC,--------,---
777,2023/05/04 00:36:03.3,+02.48222,VDC,--------,---
778,2023/05/04 00:36:03.3,+02.48223,VDC,--------,---
779,2023/05/04 00:36:03.4,+02.48223,VDC,--------,---
780,2023/05/04 00:36:03.4,+02.48224,VDC,--------,---
781,2023/05/04 00:36:03.4,+02.48225,VDC,--------,---
782,2023/05/04 00:36:03.5,+02.48227,VDC,--------,---
783,2023/05/04 00:36:03.5,+02.48227,VDC,--------,---
784,2023/05/04 00:36:03.5,+02.48226,VDC,--------,---
785,2023/05/04 00:36:03.5,+02.48226,VDC,--------,---
786,2023/05/04 00:36:03.6,+02.48225,VDC,--------,---
787,2023/05/04 00:36:03.6,+02.48225,VDC,--------,---
788,2023/05/04 00:36:03.6,+02.48224,VDC,--------,---
789,2023/05/04 00:36:03.7,+02.48223,VDC,--------,---
790,2023/05/04 00:36:03.7,+02.48222,VDC,--------,---
791,2023/05/04 00:36:03.7,+02.48221,VDC,--------,---
792,2023/05/04 00:36:03.8,+02.48219,VDC,--------,---
793,2023/05/04 00:36:03.8,+02.48220,VDC,--------,---
794,2023/05/04 00:36:03.8,+02.48220,VDC,--------,---
795,2023/05/04 00:36:03.9,+02.48220,VDC,--------,---
796,2023/05/04 00:36:03.9,+02.48220,VDC,--------,---
797,2023/05/04 00:36:03.9,+02.48220,VDC,--------,---
798,2023/05/04 00:36:04.0,+02.48222,VDC,--------,---
799,2023/05/04 00:36:04.0,+02.48223,VDC,--------,---
800,2023/05/04 00:36:04.0,+02.48223,VDC,--------,---
801,2023/05/04 00:36:04.1,+02.48223,VDC,--------,---
802,2023/05/04 00:36:04.1,+02.48223,VDC,--------,---
803,2023/05/04 00:36:04.1,+02.48224,VDC,--------,---
804,2023/05/04 00:36:04.2,+02.48224,VDC,--------,---
805,2023/05/04 00:36:04.2,+02.48225,VDC,--------,---
806,2023/05/04 00:36:04.2,+02.48225,VDC,--------,---
807,2023/05/04 00:36:04.3,+02.48225,VDC,--------,---
808,2023/05/04 00:36:04.3,+02.48225,VDC,--------,---
809,2023/05/04 00:36:04.3,+02.48224,VDC,--------,---
810,2023/05/04 00:36:04.3,+02.48225,VDC,--------,---
811,2023/05/04 00:36:04.4,+02.48224,VDC,--------,---
812,2023/05/04 00:36:04.4,+02.48225,VDC,--------,---
813,2023/05/04 00:36:04.4,+02.48224,VDC,--------,---
814,2023/05/04 00:36:04.5,+02.48223,VDC,--------,---
815,2023/05/04 00:36:04.5,+02.48221,VDC,--------,---
816,2023/05/04 00:36:04.5,+02.48220,VDC,--------,---
817,2023/05/04 00:36:04.6,+02.48218,VDC,--------,---
818,2023/05/04 00:36:04.6,+02.48217,VDC,--------,---
819,2023/05/04 00:36:04.6,+02.48217,VDC,--------,---
820,2023/05/04 00:36:04.7,+02.48217,VDC,--------,---
821,2023/05/04 00:36:04.7,+02.48218,VDC,--------,---
822,2023/05/04 00:36:04.7,+02.48218,VDC,--------,---
823,2023/05/04 00:36:04.8,+02.48218,VDC,--------,---
824,2023/05/04 00:36:04.8,+02.48219,VDC,--------,---
825,2023/05/04 00:36:04.8,+02.48221,VDC,--------,---
826,2023/05/04 00:36:04.9,+02.48221,VDC,--------,---
827,2023/05/04 00:36:04.9,+02.48222,VDC,--------,---
828,2023/05/04 00:36:04.9,+02.48222,VDC,--------,---
829,2023/05/04 00:36:05.0,+02.48222,VDC,--------,---
830,2023/05/04 00:36:05.0,+02.48221,VDC,--------,---
831,2023/05/04 00:36:05.0,+02.48222,VDC,--------,---
832,2023/05/04 00:36:05.1,+02.48222,VDC,--------,---
833,2023/05/04 00:36:05.1,+02.48222,VDC,--------,---
834,2023/05/04 00:36:05.1,+02.48223,VDC,--------,---
835,2023/05/04 00:36:05.1,+02.48224,VDC,--------,---
836,2023/05/04 00:36:05.2,+02.48224,VDC,--------,---
837,2023/05/04 00:36:05.2,+02.48224,VDC,--------,---
838,2023/05/04 00:36:05.2,+02.48224,VDC,--------,---
839,2023/05/04 00:36:05.3,+02.48224,VDC,--------,---
840,2023/05/04 00:36:05.3,+02.48223,VDC,--------,---
841,2023/05/04 00:36:05.3,+02.48223,VDC,--------,---
842,2023/05/04 00:36:05.4,+02.48223,VDC,--------,---
843,2023/05/04 00:36:05.4,+02.48224,VDC,--------,---
844,2023/05/04 00:36:05.4,+02.48222,VDC,--------,---
845,2023/05/04 00:36:05.5,+02.48221,VDC,--------,---
846,2023/05/04 00:36:05.5,+02.48222,VDC,--------,---
847,2023/05/04 00:36:05.5,+02.48223,VDC,--------,---
848,2023/05/04 00:36:05.6,+02.48223,VDC,--------,---
849,2023/05/04 00:36:05.6,+02.48224,VDC,--------,---
850,2023/05/04 00:36:05.6,+02.48226,VDC,--------,---
851,2023/05/04 00:36:05.7,+02.48225,VDC,--------,---
852,2023/05/04 00:36:05.7,+02.48227,VDC,--------,---
853,2023/05/04 00:36:05.7,+02.48227,VDC,--------,---
854,2023/05/04 00:36:05.8,+02.48228,VDC,--------,---
855,2023/05/04 00:36:05.8,+02.48229,VDC,--------,---
856,2023/05/04 00:36:05.8,+02.48229,VDC,--------,---
857,2023/05/04 00:36:05.9,+02.48228,VDC,--------,---
858,2023/05/04 00:36:05.9,+02.48228,VDC,--------,---
859,2023/05/04 00:36:05.9,+02.48228,VDC,--------,---
860,2023/05/04 00:36:05.9,+02.48227,VDC,--------,---
861,2023/05/04 00:36:06.0,+02.48227,VDC,--------,---
862,2023/05/04 00:36:06.0,+02.48225,VDC,--------,---
863,2023/05/04 00:36:06.0,+02.48224,VDC,--------,---
864,2023/05/04 00:36:06.1,+02.48223,VDC,--------,---
865,2023/05/04 00:36:06.1,+02.48222,VDC,--------,---
866,2023/05/04 00:36:06.1,+02.48222,VDC,--------,---
867,2023/05/04 00:36:06.2,+02.48222,VDC,--------,---
868,2023/05/04 00:36:06.2,+02.48221,VDC,--------,---
869,2023/05/04 00:36:06.2,+02.48220,VDC,--------,---
870,2023/05/04 00:36:06.3,+02.48219,VDC,--------,---
871,2023/05/04 00:36:06.3,+02.48219,VDC,--------,---
872,2023/05/04 00:36:06.3,+02.48217,VDC,--------,---
873,2023/05/04 00:36:06.4,+02.48217,VDC,--------,---
874,2023/05/04 00:36:06.4,+02.48219,VDC,--------,---
875,2023/05/04 00:36:06.4,+02.48220,VDC,--------,---
876,2023/05/04 00:36:06.5,+02.48218,VDC,--------,---
877,2023/05/04 00:36:06.5,+02.48219,VDC,--------,---
878,2023/05/04 00:36:06.5,+02.48218,VDC,--------,---
879,2023/05/04 00:36:06.6,+02.48220,VDC,--------,---
880,2023/05/04 00:36:06.6,+02.48221,VDC,--------,---
881,2023/05/04 00:36:06.6,+02.48222,VDC,--------,---
882,2023/05/04 00:36:06.7,+02.48222,VDC,--------,---
883,2023/05/04 00:36:06.7,+02.48222,VDC,--------,---
884,2023/05/04 00:36:06.7,+02.48222,VDC,--------,---
885,2023/05/04 00:36:06.7,+02.48220,VDC,--------,---
886,2023/05/04 00:36:06.8,+02.48219,VDC,--------,---
887,2023/05/04 00:36:06.8,+02.48219,VDC,--------,---
888,2023/05/04 00:36:06.8,+02.48220,VDC,--------,---
889,2023/05/04 00:36:06.9,+02.48220,VDC,--------,---
890,2023/05/04 00:36:06.9,+02.48218,VDC,--------,---
891,2023/05/04 00:36:06.9,+02.48218,VDC,--------,---
892,2023/05/04 00:36:07.0,+02.48218,VDC,--------,---
893,2023/05/04 00:36:07.0,+02.48218,VDC,--------,---
894,2023/05/04 00:36:07.0,+02.48218,VDC,--------,---
895,2023/05/04 00:36:07.1,+02.48220,VDC,--------,---
896,2023/05/04 00:36:07.1,+02.48221,VDC,--------,---
897,2023/05/04 00:36:07.1,+02.48221,VDC,--------,---
898,2023/05/04 00:36:07.2,+02.48221,VDC,--------,---
899,2023/05/04 00:36:07.2,+02.48220,VDC,--------,---
900,2023/05/04 00:36:07.2,+02.48220,VDC,--------,---
901,2023/05/04 00:36:07.3,+02.48220,VDC,--------,---
902,2023/05/04 00:36:07.3,+02.48220,VDC,--------,---
903,2023/05/04 00:36:07.3,+02.48220,VDC,--------,---
904,2023/05/04 00:36:07.4,+02.48219,VDC,--------,---
905,2023/05/04 00:36:07.4,+02.48219,VDC,--------,---
906,2023/05/04 00:36:07.4,+02.48218,VDC,--------,---
907,2023/05/04 00:36:07.5,+02.48218,VDC,--------,---
908,2023/05/04 00:36:07.5,+02.48219,VDC,--------,---
909,2023/05/04 00:36:07.5,+02.48219,VDC,--------,---
910,2023/05/04 00:36:07.5,+02.48219,VDC,--------,---
911,2023/05/04 00:36:07.6,+02.48220,VDC,--------,---
912,2023/05/04 00:36:07.6,+02.48219,VDC,--------,---
913,2023/05/04 00:36:07.6,+02.48220,VDC,--------,---
914,2023/05/04 00:36:07.7,+02.48220,VDC,--------,---
915,2023/05/04 00:36:07.7,+02.48220,VDC,--------,---
916,2023/05/04 00:36:07.7,+02.48220,VDC,--------,---
917,2023/05/04 00:36:07.8,+02.48219,VDC,--------,---
918,2023/05/04 00:36:07.8,+02.48219,VDC,--------,---
919,2023/05/04 00:36:07.8,+02.48220,VDC,--------,---
920,2023/05/04 00:36:07.9,+02.48221,VDC,--------,---
921,2023/05/04 00:36:07.9,+02.48221,VDC,--------,---
922,2023/05/04 00:36:07.9,+02.48221,VDC,--------,---
923,2023/05/04 00:36:08.0,+02.48222,VDC,--------,---
924,2023/05/04 00:36:08.0,+02.48221,VDC,--------,---
925,2023/05/04 00:36:08.0,+02.48221,VDC,--------,---
926,2023/05/04 00:36:08.1,+02.48220,VDC,--------,---
927,2023/05/04 00:36:08.1,+02.48219,VDC,--------,---
928,2023/05/04 00:36:08.1,+02.48219,VDC,--------,---
929,2023/05/04 00:36:08.2,+02.48219,VDC,--------,---
930,2023/05/04 00:36:08.2,+02.48217,VDC,--------,---
931,2023/05/04 00:36:08.2,+02.48216,VDC,--------,---
932,2023/05/04 00:36:08.3,+02.48216,VDC,--------,---
933,2023/05/04 00:36:08.3,+02.48216,VDC,--------,---
934,2023/05/04 00:36:08.3,+02.48217,VDC,--------,---
935,2023/05/04 00:36:08.3,+02.48218,VDC,--------,---
936,2023/05/04 00:36:08.4,+02.48220,VDC,--------,---
937,2023/05/04 00:36:08.4,+02.48221,VDC,--------,---
938,2023/05/04 00:36:08.4,+02.48221,VDC,--------,---
939,2023/05/04 00:36:08.5,+02.48220,VDC,--------,---
940,2023/05/04 00:36:08.5,+02.48222,VDC,--------,---
941,2023/05/04 00:36:08.5,+02.48224,VDC,--------,---
942,2023/05/04 00:36:08.6,+02.48224,VDC,--------,---
943,2023/05/04 00:36:08.6,+02.48224,VDC,--------,---
944,2023/05/04 00:36:08.6,+02.48224,VDC,--------,---
945,2023/05/04 00:36:08.7,+02.48224,VDC,--------,---
946,2023/05/04 00:36:08.7,+02.48223,VDC,--------,---
947,2023/05/04 00:36:08.7,+02.48223,VDC,--------,---
948,2023/05/04 00:36:08.8,+02.48222,VDC,--------,---
949,2023/05/04 00:36:08.8,+02.48224,VDC,--------,---
950,2023/05/04 00:36:08.8,+02.48224,VDC,--------,---
951,2023/05/04 00:36:08.9,+02.48223,VDC,--------,---
952,2023/05/04 00:36:08.9,+02.48224,VDC,--------,---
953,2023/05/04 00:36:08.9,+02.48225,VDC,--------,---
954,2023/05/04 00:36:09.0,+02.48224,VDC,--------,---
955,2023/05/04 00:36:09.0,+02.48224,VDC,--------,---
956,2023/05/04 00:36:09.0,+02.48223,VDC,--------,---
957,2023/05/04 00:36:09.1,+02.48223,VDC,--------,---
958,2023/05/04 00:36:09.1,+02.48222,VDC,--------,---
959,2023/05/04 00:36:09.1,+02.48221,VDC,--------,---
960,2023/05/04 00:36:09.1,+02.48220,VDC,--------,---
961,2023/05/04 00:36:09.2,+02.48219,VDC,--------,---
962,2023/05/04 00:36:09.2,+02.48217,VDC,--------,---
963,2023/05/04 00:36:09.2,+02.48217,VDC,--------,---
964,2023/05/04 00:36:09.3,+02.48218,VDC,--------,---
965,2023/05/04 00:36:09.3,+02.48218,VDC,--------,---
966,2023/05/04 00:36:09.3,+02.48220,VDC,--------,---
967,2023/05/04 00:36:09.4,+02.48220,VDC,--------,---
968,2023/05/04 00:36:09.4,+02.48222,VDC,--------,---
969,2023/05/04 00:36:09.4,+02.48221,VDC,--------,---
970,2023/05/04 00:36:09.5,+02.48222,VDC,--------,---
971,2023/05/04 00:36:09.5,+02.48223,VDC,--------,---
972,2023/05/04 00:36:09.5,+02.48224,VDC,--------,---
973,2023/05/04 00:36:09.6,+02.48223,VDC,--------,---
974,2023/05/04 00:36:09.6,+02.48223,VDC,--------,---
975,2023/05/04 00:36:09.6,+02.48224,VDC,--------,---
976,2023/05/04 00:36:09.7,+02.48224,VDC,--------,---
977,2023/05/04 00:36:09.7,+02.48225,VDC,--------,---
978,2023/05/04 00:36:09.7,+02.48225,VDC,--------,---
979,2023/05/04 00:36:09.8,+02.48227,VDC,--------,---
980,2023/05/04 00:36:09.8,+02.48227,VDC,--------,---
981,2023/05/04 00:36:09.8,+02.48226,VDC,--------,---
982,2023/05/04 00:36:09.9,+02.48227,VDC,--------,---
983,2023/05/04 00:36:09.9,+02.48227,VDC,--------,---
984,2023/05/04 00:36:09.9,+02.48227,VDC,--------,---
985,2023/05/04 00:36:09.9,+02.48226,VDC,--------,---
986,2023/05/04 00:36:10.0,+02.48227,VDC,--------,---
987,2023/05/04 00:36:10.0,+02.48226,VDC,--------,---
988,2023/05/04 00:36:10.0,+02.48227,VDC,--------,---
989,2023/05/04 00:36:10.1,+02.48226,VDC,--------,---
990,2023/05/04 00:36:10.1,+02.48226,VDC,--------,---
991,2023/05/04 00:36:10.1,+02.48227,VDC,--------,---
992,2023/05/04 00:36:10.2,+02.48225,VDC,--------,---
993,2023/05/04 00:36:10.2,+02.48225,VDC,--------,---
994,2023/05/04 00:36:10.2,+02.48225,VDC,--------,---
995,2023/05/04 00:36:10.3,+02.48226,VDC,--------,---
996,2023/05/04 00:36:10.3,+02.48226,VDC,--------,---
997,2023/05/04 00:36:10.3,+02.48226,VDC,--------,---
998,2023/05/04 00:36:10.4,+02.48225,VDC,--------,---
999,2023/05/04 00:36:10.4,+02.48227,VDC,--------,---
1000,2023/05/04 00:36:10.4,+02.48230,VDC,--------,---
